{
 "Acandi": {
  "ADF_stat": -3.802335,
  "ADF_p": 0.002884,
  "KPSS_stat": 0.217895,
  "KPSS_p": 0.1,
  "estacionalidad_diaria_R2": 0.306485,
  "ratio_pico_valle_intradia": 2.041632,
  "variacion_semanal_%": 2.55223,
  "hora_pico": 21.0,
  "n_interrupciones": 420.0,
  "SAIDI_h": 1279.75,
  "SAIFI": 420.0,
  "CAIDI_h": 3.047024,
  "dur_media_corte_h": 3.047024,
  "corte_mas_largo_h": 12.25,
  "disponibilidad_%": 85.390982,
  "horas_dia_servicio": 20.493836,
  "V_nominal_estimada": 7500.0,
  "V_dentro_10pct_%": 99.763823,
  "F_dentro_1pct_%": 99.575549,
  "PF_medio": 0.960349,
  "PF_p05": 0.948,
  "energia_anual_kWh": 7405079.704,
  "pico_kW": 1437.216,
  "missing_records": 0.0
 },
 "Nuqui": {
  "ADF_stat": -3.538459,
  "ADF_p": 0.007053,
  "KPSS_stat": 0.549423,
  "KPSS_p": 0.030535,
  "estacionalidad_diaria_R2": 0.657215,
  "ratio_pico_valle_intradia": 1.498612,
  "variacion_semanal_%": 3.532464,
  "hora_pico": 19.0,
  "n_interrupciones": 53.0,
  "SAIDI_h": 63.25,
  "SAIFI": 53.0,
  "CAIDI_h": 1.193396,
  "dur_media_corte_h": 1.193396,
  "corte_mas_largo_h": 6.0,
  "disponibilidad_%": 99.277968,
  "horas_dia_servicio": 23.826712,
  "V_nominal_estimada": 7370.0,
  "V_dentro_10pct_%": 99.974128,
  "F_dentro_1pct_%": 99.965504,
  "PF_medio": 0.950979,
  "PF_p05": 0.94,
  "energia_anual_kWh": 3682780.464,
  "pico_kW": 642.752,
  "missing_records": 0.0
 },
 "Unguia": {
  "ADF_stat": -3.572435,
  "ADF_p": 0.00631,
  "KPSS_stat": 0.110843,
  "KPSS_p": 0.1,
  "estacionalidad_diaria_R2": 0.813151,
  "ratio_pico_valle_intradia": 5.329584,
  "variacion_semanal_%": 1.385373,
  "hora_pico": 20.0,
  "n_interrupciones": 357.0,
  "SAIDI_h": 885.0,
  "SAIFI": 357.0,
  "CAIDI_h": 2.478992,
  "dur_media_corte_h": 2.478992,
  "corte_mas_largo_h": 299.75,
  "disponibilidad_%": 89.89726,
  "horas_dia_servicio": 21.575342,
  "V_nominal_estimada": 7600.0,
  "V_dentro_10pct_%": 99.980952,
  "F_dentro_1pct_%": 99.885714,
  "PF_medio": 0.952608,
  "PF_p05": 0.936,
  "energia_anual_kWh": 5485313.724,
  "pico_kW": 1076.592,
  "missing_records": 1199.0
 }
}